{
	"IcoMoonType": "selection",
	"icons": [
		{
			"icon": {
				"paths": [
					"M950.857 859.429v-438.857q-18.286 20.571-39.429 37.714-153.143 117.714-243.429 193.143-29.143 24.571-47.429 38.286t-49.429 27.714-58.571 14h-1.143q-27.429 0-58.571-14t-49.429-27.714-47.429-38.286q-90.286-75.429-243.429-193.143-21.143-17.143-39.429-37.714v438.857q0 7.429 5.429 12.857t12.857 5.429h841.143q7.429 0 12.857-5.429t5.429-12.857zM950.857 258.857v-14t-0.286-7.429-1.714-7.143-3.143-5.143-5.143-4.286-8-1.429h-841.143q-7.429 0-12.857 5.429t-5.429 12.857q0 96 84 162.286 110.286 86.857 229.143 181.143 3.429 2.857 20 16.857t26.286 21.429 25.429 18 28.857 15.714 24.571 5.143h1.143q11.429 0 24.571-5.143t28.857-15.714 25.429-18 26.286-21.429 20-16.857q118.857-94.286 229.143-181.143 30.857-24.571 57.429-66t26.571-75.143zM1024 237.714v621.714q0 37.714-26.857 64.571t-64.571 26.857h-841.143q-37.714 0-64.571-26.857t-26.857-64.571v-621.714q0-37.714 26.857-64.571t64.571-26.857h841.143q37.714 0 64.571 26.857t26.857 64.571z"
				],
				"width": 1024.0009956359863,
				"attrs": [],
				"isMulticolor": false,
				"tags": [
					"envelope-o"
				],
				"defaultCode": 61443,
				"grid": 14
			},
			"attrs": [],
			"properties": {
				"id": 3,
				"order": 16,
				"name": "envelope-o",
				"prevSize": 28,
				"code": 61443
			},
			"setIdx": 0,
			"setId": 2,
			"iconIdx": 3
		},
		{
			"icon": {
				"paths": [
					"M731.429 348.571q-32 14.286-69.143 19.429 38.857-22.857 53.143-66.857-37.143 21.714-76.571 29.143-34.857-37.714-87.429-37.714-49.714 0-84.857 35.143t-35.143 84.857q0 16.571 2.857 27.429-73.714-4-138.286-37.143t-109.714-88.571q-16.571 28.571-16.571 60.571 0 65.143 52 100-26.857-0.571-57.143-14.857v1.143q0 42.857 28.571 76.286t70.286 41.429q-16.571 4.571-29.143 4.571-7.429 0-22.286-2.286 12 36 42.571 59.429t69.429 24q-66.286 51.429-149.143 51.429-14.857 0-28.571-1.714 84.571 53.714 184 53.714 64 0 120-20.286t96-54.286 68.857-78.286 42.857-92.571 14-96.286q0-10.286-0.571-15.429 36-25.714 60-62.286zM877.714 237.714v548.571q0 68-48.286 116.286t-116.286 48.286h-548.571q-68 0-116.286-48.286t-48.286-116.286v-548.571q0-68 48.286-116.286t116.286-48.286h548.571q68 0 116.286 48.286t48.286 116.286z"
				],
				"width": 877.7130457558669,
				"attrs": [],
				"isMulticolor": false,
				"tags": [
					"twitter-square"
				],
				"defaultCode": 61569,
				"grid": 14
			},
			"attrs": [],
			"properties": {
				"id": 121,
				"order": 15,
				"name": "twitter-square",
				"prevSize": 28,
				"code": 61569
			},
			"setIdx": 0,
			"setId": 2,
			"iconIdx": 121
		},
		{
			"icon": {
				"paths": [
					"M135.429 808h132v-396.571h-132v396.571zM276 289.143q-0.571-29.714-20.571-49.143t-53.143-19.429-54 19.429-20.857 49.143q0 29.143 20.286 48.857t52.857 19.714h0.571q33.714 0 54.286-19.714t20.571-48.857zM610.286 808h132v-227.429q0-88-41.714-133.143t-110.286-45.143q-77.714 0-119.429 66.857h1.143v-57.714h-132q1.714 37.714 0 396.571h132v-221.714q0-21.714 4-32 8.571-20 25.714-34t42.286-14q66.286 0 66.286 89.714v212zM877.714 237.714v548.571q0 68-48.286 116.286t-116.286 48.286h-548.571q-68 0-116.286-48.286t-48.286-116.286v-548.571q0-68 48.286-116.286t116.286-48.286h548.571q68 0 116.286 48.286t48.286 116.286z"
				],
				"width": 877.7130457558669,
				"attrs": [],
				"isMulticolor": false,
				"tags": [
					"linkedin-square"
				],
				"defaultCode": 61580,
				"grid": 14
			},
			"attrs": [],
			"properties": {
				"id": 132,
				"order": 14,
				"name": "linkedin-square",
				"prevSize": 28,
				"code": 61580
			},
			"setIdx": 0,
			"setId": 2,
			"iconIdx": 132
		},
		{
			"icon": {
				"paths": [
					"M225.143 772.571q-4.571 5.143-11.429-1.714-7.429-6.286-2.286-10.857 4.571-5.143 11.429 1.714 6.857 6.286 2.286 10.857zM201.143 737.714q5.143 6.857 0 10.857-4.571 3.429-9.714-4t0-10.286q5.143-4 9.714 3.429zM166.286 703.429q-2.857 4-7.429 1.143-5.714-2.857-4-6.857 1.714-2.857 7.429-1.143 5.714 2.857 4 6.857zM184 722.857q-3.429 4-9.143-1.714-5.143-6.286-1.143-9.143 3.429-3.429 9.143 1.714 5.143 6.286 1.143 9.143zM257.714 786.857q-2.286 6.857-10.857 3.429-9.714-2.286-7.429-8.571t10.857-4q9.143 2.857 7.429 9.143zM293.714 789.714q0 6.286-9.143 6.286-9.714 1.143-9.714-6.286 0-6.286 9.143-6.286 9.714-1.143 9.714 6.286zM326.857 784q1.143 5.714-8 8t-10.286-4.571 8-8.571q9.143-1.143 10.286 5.143zM877.714 237.714v548.571q0 68-48.286 116.286t-116.286 48.286h-128q-9.143 0-14-0.571t-11.143-2.857-9.143-8.286-2.857-15.714v-136.571q0-55.429-29.714-81.143 32.571-3.429 58.571-10.286t53.714-22.286 46.286-38 30.286-60 11.714-86q0-69.143-45.143-117.714 21.143-52-4.571-116.571-16-5.143-46.286 6.286t-52.571 25.143l-21.714 13.714q-53.143-14.857-109.714-14.857t-109.714 14.857q-9.143-6.286-24.286-15.429t-47.714-22-49.143-7.714q-25.143 64.571-4 116.571-45.143 48.571-45.143 117.714 0 48.571 11.714 85.714t30 60 46 38.286 53.714 22.286 58.571 10.286q-22.857 20.571-28 58.857-12 5.714-25.714 8.571t-32.571 2.857-37.429-12.286-31.714-35.714q-10.857-18.286-27.714-29.714t-28.286-13.714l-11.429-1.714q-12 0-16.571 2.571t-2.857 6.571 5.143 8 7.429 6.857l4 2.857q12.571 5.714 24.857 21.714t18 29.143l5.714 13.143q7.429 21.714 25.143 35.143t38.286 17.143 39.714 4 31.714-2l13.143-2.286q0 21.714 0.286 58.857t0.286 38.857q0 12.571-6.286 19.143t-12.571 7.429-18.857 0.857h-128q-68 0-116.286-48.286t-48.286-116.286v-548.571q0-68 48.286-116.286t116.286-48.286h548.571q68 0 116.286 48.286t48.286 116.286z"
				],
				"width": 877.7150599161796,
				"attrs": [],
				"isMulticolor": false,
				"tags": [
					"github-square"
				],
				"defaultCode": 61586,
				"grid": 14
			},
			"attrs": [],
			"properties": {
				"id": 137,
				"order": 13,
				"name": "github-square",
				"prevSize": 28,
				"code": 61586
			},
			"setIdx": 0,
			"setId": 2,
			"iconIdx": 137
		}
	],
	"height": 1024,
	"metadata": {
		"name": "icomoon"
	},
	"preferences": {
		"showGlyphs": true,
		"showCodes": true,
		"showQuickUse": true,
		"showQuickUse2": true,
		"showSVGs": true,
		"fontPref": {
			"prefix": "icon-",
			"metadata": {
				"fontFamily": "icomoon"
			},
			"metrics": {
				"emSize": 1024,
				"baseline": 6.25,
				"whitespace": 50
			},
			"embed": false
		},
		"imagePref": {
			"prefix": "icon-",
			"png": true,
			"useClassSelector": true,
			"color": 4473924,
			"bgColor": 16777215
		},
		"historySize": 100
	}
}